"Card Name","Rating","Joining Fee (₹)","Annual Fee (₹)","Key Benefits","Required CIBIL Score (approx.)"
"HDFC Diners Club Black Metal Edition","N/A","10,000","10,000","Unlimited lounges, high rewards, memberships, golf, milestone bonuses","750+"
"Axis Bank Reserve","N/A","50,000","50,000","Unlimited lounges, luxury memberships, B1G1 movie, golf","750+"
"HDFC Infinia Metal Card","N/A","12,500","12,500","Unlimited lounges, high rewards, luxury perks","800+ (invite only)"
"Axis Atlas","N/A","5,000","5,000","Travel rewards, lounge access, milestone bonuses","700+"
"HDFC Regalia Gold","N/A","2,500","2,500","5X rewards, partner perks, lounge access","700+"
"YES BANK Paisabazaar PaisaSave","N/A","0","499","3% e-com cashback, 1.5% other spends, fuel waiver","700+"
"Cashback SBI Card","N/A","999","999","5% online cashback, 1% offline, fuel waiver","700+"
"HSBC TravelOne","N/A","4,999","4,999","Travel savings, lounge/golf, hotel vouchers","700+"
"Axis SELECT","N/A","3,000","3,000","Movie B1G1, BigBasket/Swiggy discounts, lounges, golf","700+"
"Tata Neu Infinity HDFC Bank Card","N/A","1,499","1,499","10% TataNeu value-back, rewards, lounges","700+"
"IndianOil RBL Bank XTRA","N/A","1,500","1,500","Fuel rewards, milestone bonuses, surcharge waiver","700+"
"Flipkart Axis Bank Credit Card","N/A","500","500","5% cashback Flipkart, partners, unlimited cashback","700+"
"Amazon Pay ICICI","N/A","0","0","5% Amazon Prime cashback, 3% Amazon, 2% partners","700+"
"IDFC FIRST Select","N/A","0","0","Lifetime free, unlimited rewards, movie/golf/lounge perks","700+"
"ICICI Coral","N/A","500","500","Movie/dining, railway/airport lounges, payback points","700+"
"ICICI Rubyx","N/A","3,000","2,000","Rewards, lounge/golf, fuel waivers","700+"
"ICICI Sapphiro","N/A","6,500","3,500","Lounge, entertainment, DreamFolks","750+"
"Amex SmartEarn","N/A","495","495","10X rewards Zomato/Amazon, milestone bonuses","720+"
"BPCL SBI Card Octane","N/A","1,499","1,499","Fuel value-back, high rewards, surcharge waiver","700+"
"Kotak IndiGo 6E XL Rewards","N/A","2,500","2,500","6% IndiGo, travel rewards, lounges/golf","700+"
"AU Bank Zenith","N/A","7,999","7,999","Global lounge, travel/retail, milestone benefits","730+"
"Airtel Axis Bank","N/A","500","500","25% Airtel cashback, utility/grocery rewards","700+"
"American Express MRCC","N/A","1,000","4,500","High reward returns, merchant offers","720+"
"Federal Scapia","N/A","0","0","Lifetime free, UPI cashback, fast approval","700+"
"Axis Cashback Card","N/A","500","500","Universal cashback, waiver, milestone offers","700+"
"Kiwi RuPay Credit Card","N/A","0","0","UPI-enabled, digital-first","700+"
"Citi Prestige","N/A","20,000","20,000","Luxury rewards, travel insurance, global lounges","750+"
"Bajaj Finserv RBL SuperCard","N/A","499","499","EMI/cash/loan/rewards, milestone bonuses","700+"
"SBI SimplyCLICK","N/A","499","499","E-commerce/online rewards, milestone vouchers","700+"
"HDFC MoneyBack+","N/A","500","500","2% shopping/utility rewards, vouchers","700+"